n_estimators,max_depth,min_samples_split,class_weight,ROC_AUC,Balanced_Accuracy,Precision_0,Precision_1,Recall_0,Recall_1,F1_0,F1_1,TN,FP,FN,TP
200,,5,balanced,0.8200640499142637,0.566398651277396,0.84375,0.8909438775510204,0.13636363636363635,0.9964336661911555,0.23478260869565218,0.9407407407407408,27,171,5,1397
200,,2,,0.8193039525065202,0.5537723886511333,0.8148148148148148,0.8881118881118881,0.1111111111111111,0.9964336661911555,0.19555555555555557,0.9391596638655462,22,176,5,1397
100,10.0,5,balanced,0.8180341215291287,0.6490475367080217,0.8133333333333334,0.9101639344262296,0.30808080808080807,0.9900142653352354,0.4468864468864469,0.9484113426716775,61,137,14,1388
400,,2,,0.8168021153042551,0.5591795270825228,0.8571428571428571,0.8893129770992366,0.12121212121212122,0.9971469329529244,0.21238938053097345,0.9401479488903833,24,174,4,1398
100,,2,,0.816168100404905,0.5487218836006282,0.8,0.886984126984127,0.10101010101010101,0.9964336661911555,0.17937219730941703,0.9385287201881088,20,178,5,1397
400,10.0,5,balanced,0.8161356791884609,0.6396597933687805,0.8260869565217391,0.9079033311561071,0.2878787878787879,0.9914407988587732,0.42696629213483145,0.947834981247869,57,141,12,1390
200,10.0,2,balanced_subsample,0.8160600296834246,0.6382044409861813,0.8615384615384616,0.9074918566775244,0.2828282828282828,0.9935805991440799,0.42585551330798477,0.9485869935308138,56,142,9,1393
200,5.0,2,balanced_subsample,0.8159627660340928,0.7932643121658813,0.45307443365695793,0.9550735863671572,0.7070707070707071,0.8794579172610556,0.5522682445759369,0.915707389528407,140,58,169,1233
200,5.0,5,balanced_subsample,0.8159303448176486,0.7896691594979754,0.44694533762057875,0.9542280837858805,0.702020202020202,0.8773181169757489,0.5461689587426326,0.9141583054626533,139,59,172,1230
200,10.0,5,balanced,0.8158835141716739,0.6461656508018847,0.8,0.9095081967213114,0.30303030303030304,0.9893009985734664,0.43956043956043955,0.9477280491971302,60,138,15,1387
100,10.0,5,balanced_subsample,0.8158366835256994,0.6404018789896109,0.7733333333333333,0.9081967213114754,0.29292929292929293,0.9878744650499287,0.4249084249084249,0.9463614622480355,58,140,17,1385
200,5.0,2,balanced,0.8152783181313852,0.7939775789276502,0.4560260586319218,0.9551430781129157,0.7070707070707071,0.8808844507845934,0.5544554455445545,0.9165120593692022,140,58,167,1235
200,5.0,5,balanced,0.8149036729635875,0.7929076787849969,0.45161290322580644,0.9550387596899225,0.7070707070707071,0.8787446504992867,0.5511811023622047,0.9153046062407132,140,58,170,1232
400,5.0,5,balanced_subsample,0.8148712517471433,0.7882138071153764,0.4495114006514658,0.9535962877030162,0.696969696969697,0.8794579172610556,0.5465346534653466,0.9150278293135437,138,60,169,1233
400,5.0,2,balanced_subsample,0.8148244211011686,0.7889270738771452,0.4524590163934426,0.9536679536679536,0.696969696969697,0.8808844507845934,0.5487077534791253,0.9158324063774564,138,60,167,1235
100,10.0,2,balanced_subsample,0.8147847951699593,0.6299154166486549,0.828125,0.9055989583333334,0.2676767676767677,0.9921540656205421,0.40458015267175573,0.9469026548672567,53,145,11,1391
400,10.0,2,balanced_subsample,0.8145434372253203,0.6407296935114339,0.8636363636363636,0.9080834419817471,0.2878787878787879,0.9935805991440799,0.4318181818181818,0.9489100817438693,57,141,9,1393
400,5.0,2,balanced,0.8143056816380639,0.7910668741624519,0.46153846153846156,0.9538816295157571,0.696969696969697,0.8851640513552068,0.5553319919517102,0.9182389937106918,138,60,161,1241
400,10.0,5,balanced_subsample,0.8142876698511505,0.6497608034697906,0.8356164383561644,0.9102815979043877,0.30808080808080807,0.9914407988587732,0.45018450184501846,0.9491293956981905,61,137,12,1390
100,,5,,0.8142570498133977,0.5591795270825228,0.8571428571428571,0.8893129770992366,0.12121212121212122,0.9971469329529244,0.21238938053097345,0.9401479488903833,24,174,4,1398
400,5.0,5,balanced,0.814240839205176,0.7910668741624519,0.46153846153846156,0.9538816295157571,0.696969696969697,0.8851640513552068,0.5553319919517102,0.9182389937106918,138,60,161,1241
100,,5,balanced,0.8142246285969538,0.5638733987521434,0.8387096774193549,0.8903760356915232,0.13131313131313133,0.9964336661911555,0.22707423580786026,0.9404240996297543,26,172,5,1397
100,,5,balanced_subsample,0.8140499142638943,0.5667552846582804,0.8709677419354839,0.8910133843212237,0.13636363636363635,0.9971469329529244,0.23580786026200873,0.9410972736452373,27,171,4,1398
200,10.0,2,balanced,0.8139490482571794,0.6353225550800443,0.8461538461538461,0.9068403908794789,0.2777777777777778,0.992867332382311,0.41825095057034223,0.947906026557712,55,143,10,1392
400,,2,balanced,0.8136554561304917,0.5216573725846194,0.75,0.8809823677581864,0.045454545454545456,0.9978601997146933,0.08571428571428572,0.9357859531772575,9,189,3,1399
400,,5,balanced,0.8136284384501218,0.5591795270825228,0.8571428571428571,0.8893129770992366,0.12121212121212122,0.9971469329529244,0.21238938053097345,0.9401479488903833,24,174,4,1398
400,10.0,2,balanced,0.8134158993645442,0.6331539359356764,0.8571428571428571,0.9063109954456734,0.2727272727272727,0.9935805991440799,0.41379310344827586,0.9479414766927526,54,144,9,1393
200,,5,balanced_subsample,0.8132285767806452,0.5588228937016384,0.8275862068965517,0.8892425206874602,0.12121212121212122,0.9964336661911555,0.21145374449339208,0.9397914564413051,24,174,5,1397
400,,5,balanced_subsample,0.8130448565541291,0.5537723886511333,0.8148148148148148,0.8881118881118881,0.1111111111111111,0.9964336661911555,0.19555555555555557,0.9391596638655462,22,176,5,1397
400,5.0,5,,0.8127566679635153,0.5075757575757576,1.0,0.8778960551033187,0.015151515151515152,1.0,0.029850746268656716,0.9349783261087029,3,195,0,1402
100,10.0,5,,0.8124828888024322,0.5465532644562602,0.8260869565217391,0.8864933417882055,0.09595959595959595,0.9971469329529244,0.17194570135746606,0.9385699899295066,19,179,4,1398
400,5.0,2,,0.8124612746581362,0.5075757575757576,1.0,0.8778960551033187,0.015151515151515152,1.0,0.029850746268656716,0.9349783261087029,3,195,0,1402
200,10.0,5,balanced_subsample,0.8119569446245622,0.6393031599878961,0.8142857142857143,0.907843137254902,0.2878787878787879,0.9907275320970043,0.4253731343283582,0.9474761255115962,57,141,13,1389
100,5.0,2,balanced,0.8118740904047609,0.7925222265450511,0.45874587458745875,0.9545104086353122,0.702020202020202,0.8830242510699001,0.5548902195608783,0.9173768062245276,139,59,164,1238
400,,5,,0.8117011772503926,0.5562976411763858,0.8214285714285714,0.888676844783715,0.11616161616161616,0.9964336661911555,0.20353982300884957,0.9394754539340955,23,175,5,1397
100,10.0,2,,0.8115282640960244,0.5443846453118921,0.8571428571428571,0.8860037998733375,0.09090909090909091,0.9978601997146933,0.1643835616438356,0.9386112042938611,18,180,3,1399
100,5.0,5,balanced,0.8109194656983529,0.7910956930215133,0.4527687296416938,0.954369682907966,0.702020202020202,0.8801711840228246,0.5504950495049505,0.9157699443413729,139,59,168,1234
100,5.0,2,balanced_subsample,0.8107429501866021,0.7885704404962608,0.45098039215686275,0.9536321483771252,0.696969696969697,0.8801711840228246,0.5476190476190477,0.9154302670623146,138,60,168,1234
200,,2,balanced_subsample,0.8106510900733439,0.52635124425424,0.7333333333333333,0.8820189274447949,0.05555555555555555,0.9971469329529244,0.10328638497652583,0.9360562437227988,11,187,4,1398
200,10.0,2,,0.8106492888946526,0.5440280119310077,0.8181818181818182,0.8859315589353612,0.09090909090909091,0.9971469329529244,0.16363636363636364,0.938255033557047,18,180,4,1398
400,,2,balanced_subsample,0.810640283001196,0.5191321200593668,0.7272727272727273,0.880427942101951,0.04040404040404041,0.9978601997146933,0.07655502392344497,0.93547308592444,8,190,3,1399
200,5.0,5,,0.8106168676782086,0.5050505050505051,1.0,0.8773466833541927,0.010101010101010102,1.0,0.02,0.9346666666666666,2,196,0,1402
100,5.0,5,balanced_subsample,0.8104223403795443,0.7846186544474705,0.44336569579288027,0.9527498063516654,0.6919191919191919,0.8773181169757489,0.5404339250493096,0.9134793910137393,137,61,172,1230
200,5.0,2,,0.8102710413694721,0.5050505050505051,1.0,0.8773466833541927,0.010101010101010102,1.0,0.02,0.9346666666666666,2,196,0,1402
200,10.0,5,,0.8102602342973241,0.5386208734996182,0.7619047619047619,0.8847371754274858,0.08080808080808081,0.9964336661911555,0.1461187214611872,0.9372693726937269,16,182,5,1397
100,5.0,5,,0.8100188763526852,0.5075757575757576,1.0,0.8778960551033187,0.015151515151515152,1.0,0.029850746268656716,0.9349783261087029,3,195,0,1402
400,10.0,2,,0.8099396244902664,0.5415027594057551,0.8095238095238095,0.8853704876504117,0.08585858585858586,0.9971469329529244,0.1552511415525114,0.9379402884937941,17,181,4,1398
200,,5,,0.8094533062436058,0.5537723886511333,0.8148148148148148,0.8881118881118881,0.1111111111111111,0.9964336661911555,0.19555555555555557,0.9391596638655462,22,176,5,1397
100,5.0,2,,0.8092912001613857,0.5075757575757576,1.0,0.8778960551033187,0.015151515151515152,1.0,0.029850746268656716,0.9349783261087029,3,195,0,1402
200,,2,balanced,0.808939970316575,0.5267078776351244,0.7857142857142857,0.882093316519546,0.05555555555555555,0.9978601997146933,0.10377358490566038,0.9364123159303882,11,187,3,1399
100,,2,balanced,0.8086355711177394,0.5216573725846194,0.75,0.8809823677581864,0.045454545454545456,0.9978601997146933,0.08571428571428572,0.9357859531772575,9,189,3,1399
400,10.0,5,,0.8086211616882089,0.5368088877361346,0.8333333333333334,0.8843236409608091,0.07575757575757576,0.9978601997146933,0.1388888888888889,0.9376675603217158,15,183,3,1399
100,10.0,2,balanced,0.8070613409415122,0.634252654937391,0.8088235294117647,0.9066579634464752,0.2777777777777778,0.9907275320970043,0.41353383458646614,0.9468302658486708,55,143,13,1389
100,,2,balanced_subsample,0.8054402801193101,0.5288764967794926,0.75,0.8825757575757576,0.06060606060606061,0.9971469329529244,0.11214953271028037,0.9363697253851306,12,186,4,1398
